{"total_trades":117.0,"total_pnl":9.8928571429,"expectancy":0.0845543346,"win_rate":0.5213675214,"profit_factor":1.0384690165,"max_drawdown":54.5,"max_dd_duration":115.0,"worst_day":-17.5625,"best_day":13.0571428571,"var_95":6.8575,"expected_shortfall":7.9857142857,"sharpe_ratio":0.4925337892}