feature,coef
PE,0.0472455972805523
PB,-0.22421057627326718
PS,0.27285747960203083
EV_EBITDA,0.03390704382104217
ROE,0.3891242265836138
