{
  "timestamp": "2026-01-11T17:08:24.691595",
  "best_params": {
    "class_weight": "balanced",
    "max_depth": 10,
    "min_samples_leaf": 4,
    "min_samples_split": 5,
    "n_estimators": 200
  },
  "best_cv_score": 0.37947538847366225,
  "test_accuracy": 0.35611510791366907,
  "test_f1": 0.357717433418581,
  "n_cv_splits": 5
}