feature,coef
PE,0.027738044814500828
PB,-0.1158635889316246
PS,0.2759961950175309
EV_EBITDA,0.04658476889305224
ROE,0.07298751244409572
