{"total_trades":44.0,"total_pnl":128.2357142857,"expectancy":2.9144480519,"win_rate":0.5227272727,"profit_factor":1.806840142,"max_drawdown":46.4142857143,"max_dd_duration":9.0,"worst_day":-13.8946428571,"best_day":43.4535714286,"var_95":11.1844642857,"expected_shortfall":12.5303571429,"sharpe_ratio":4.3409147434}