{"total_trades":21.0,"total_pnl":33.8517857143,"expectancy":1.6119897959,"win_rate":0.5238095238,"profit_factor":1.7866301506,"max_drawdown":9.6267857143,"max_dd_duration":3.0,"worst_day":-5.0357142857,"best_day":17.2857142857,"var_95":7.1946428571,"expected_shortfall":7.3526785714,"sharpe_ratio":3.3293588792}