feature,coef
PE,-0.05329094037275676
PB,0.5670388879578545
PS,-0.06278906017838981
EV_EBITDA,0.08338710644913924
ROE,-0.488068257355449
