{"total_trades":35.0,"total_pnl":-49.8517857143,"expectancy":-1.4243367347,"win_rate":0.4,"profit_factor":0.7184906574,"max_drawdown":76.5964285714,"max_dd_duration":33.0,"worst_day":-35.2607142857,"best_day":14.6785714286,"var_95":13.3146428571,"expected_shortfall":14.3089285714,"sharpe_ratio":-1.971235341}