{
  "model_type": "tuned",
  "overall": {
    "accuracy": 0.3208955223880597,
    "precision": 0.3286967170536434,
    "recall": 0.3208955223880597,
    "f1_score": 0.3100150583244249,
    "test_samples": 670
  },
  "per_class": {
    "DOWN": {
      "precision": 0.2990936555891239,
      "recall": 0.5129533678756477
    },
    "HOLD": {
      "precision": 0.3282442748091603,
      "recall": 0.19907407407407407
    },
    "UP": {
      "precision": 0.35096153846153844,
      "recall": 0.2796934865900383
    }
  },
  "per_sector": {
    "Technology": {
      "accuracy": 0.29844961240310075,
      "precision": 0.30567012092708346,
      "recall": 0.29844961240310075,
      "f1": 0.2760452079327274,
      "samples": 258
    },
    "Consumer": {
      "accuracy": 0.30386740331491713,
      "precision": 0.344563220253828,
      "recall": 0.30386740331491713,
      "f1": 0.2975015044411769,
      "samples": 181
    },
    "Industrials": {
      "accuracy": 0.3593073593073593,
      "precision": 0.3877328163042449,
      "recall": 0.3593073593073593,
      "f1": 0.34555756570681945,
      "samples": 231
    }
  },
  "confusion_matrix": [
    [
      99,
      37,
      57
    ],
    [
      95,
      43,
      78
    ],
    [
      137,
      51,
      73
    ]
  ]
}