{"total_trades":175.0,"total_pnl":24.0,"expectancy":0.1371428571,"win_rate":0.5257142857,"profit_factor":1.1054216867,"max_drawdown":63.3410714286,"max_dd_duration":135.0,"worst_day":-30.9732142857,"best_day":17.0160714286,"var_95":4.2733928571,"expected_shortfall":5.9166666667,"sharpe_ratio":1.1118562043}