{"total_trades":29.0,"total_pnl":13.1964285714,"expectancy":0.4550492611,"win_rate":0.4482758621,"profit_factor":1.1892251754,"max_drawdown":26.4607142857,"max_dd_duration":17.0,"worst_day":-26.4607142857,"best_day":24.0571428571,"var_95":5.9046428571,"expected_shortfall":6.1553571429,"sharpe_ratio":0.7167944458}