{"total_trades":53.0,"total_pnl":18.0214285714,"expectancy":0.3400269542,"win_rate":0.4716981132,"profit_factor":1.1213330768,"max_drawdown":36.4428571429,"max_dd_duration":35.0,"worst_day":-29.7660714286,"best_day":16.6642857143,"var_95":7.2689285714,"expected_shortfall":8.5476190476,"sharpe_ratio":0.797575564}