{
  "total_trades": 21,
  "total_pnl": 31.09464285713859,
  "expectancy": 1.4806972789113613,
  "win_rate": 0.5238095238095238,
  "profit_factor": 1.7225611021203229,
  "max_drawdown": 9.62678571428442,
  "max_dd_duration": 3,
  "worst_day": -5.035714285714145,
  "best_day": 14.52857142857214,
  "var_95": 7.194642857142347,
  "expected_shortfall": 7.352678571428502,
  "sharpe_ratio": 3.3530433193717903,
  "weekly_pnl": [
    0,
    -5.035714285714145,
    0,
    0,
    0,
    14.52857142857214,
    12.117857142855708,
    -2.366071428571199,
    0,
    5.185714285715014,
    6.664285714281072
  ],
  "monthly_projection": 13.413375350138216
}