{"total_trades":29.0,"total_pnl":-16.6964285714,"expectancy":-0.5757389163,"win_rate":0.4482758621,"profit_factor":0.8218979771,"max_drawdown":44.2178571429,"max_dd_duration":29.0,"worst_day":-20.6035714286,"best_day":8.0107142857,"var_95":9.0782142857,"expected_shortfall":10.5482142857,"sharpe_ratio":-1.2675357282}